islandora:13035,smith_ssc_324_b1017_f005_015_p001.JPG,MISSING,MISSING
islandora:29264,smith_ssc_324_r018_m006_test,MISSING,MISSING
islandora:13034,smith_ssc_324_b1017_f005_014_p002.JPG,MISSING,MISSING
islandora:29245,smith_ssc_324_r012_m001_test,MISSING,MISSING
islandora:29270,smith_ssc_324_r019_m003_test,MISSING,MISSING
islandora:13056,smith_ssc_324_b1017_f005_025_p002.JPG,MISSING,MISSING
islandora:13052,smith_ssc_324_b1017_f005_023_p002.JPG,MISSING,MISSING
islandora:13013,smith_ssc_324_b1017_f005_002_p001.JPG,MISSING,MISSING
islandora:13048,smith_ssc_324_b1017_f005_021_p002.JPG,MISSING,MISSING
islandora:29255,smith_ssc_324_r016_m004_test,MISSING,MISSING
islandora:13105,smith_ssc_324_b1017_f005_052_p001.JPG,MISSING,MISSING
islandora:13033,smith_ssc_324_b1017_f005_014_p001.JPG,MISSING,MISSING
islandora:13063,smith_ssc_324_b1017_f005_029_p001.JPG,MISSING,MISSING
islandora:13094,smith_ssc_324_b1017_f005_046_p002.JPG,MISSING,MISSING
islandora:13102,smith_ssc_324_b1017_f005_050_p002.JPG,MISSING,MISSING
islandora:29268,smith_ssc_324_r019_m001_test,MISSING,MISSING
islandora:13062,smith_ssc_324_b1017_f005_028_p002.JPG,MISSING,MISSING
islandora:13104,smith_ssc_324_b1017_f005_051_p002.JPG,MISSING,MISSING
islandora:13032,smith_ssc_324_b1017_f005_013_p002.JPG,MISSING,MISSING
islandora:13019,smith_ssc_324_b1017_f005_006_p001.JPG,MISSING,MISSING
islandora:13064,smith_ssc_324_b1017_f005_029_p002.JPG,MISSING,MISSING
islandora:13106,smith_ssc_324_b1017_f005_052_p002.JPG,MISSING,MISSING
islandora:24001,smith_ssc_324_r248_m001_test,MISSING,MISSING
islandora:13043,smith_ssc_324_b1017_f005_019_p001.JPG,MISSING,MISSING
islandora:29231,smith_ssc_324_r007_m004_test,MISSING,MISSING
islandora:13054,smith_ssc_324_b1017_f005_024_p002.JPG,MISSING,MISSING
islandora:13095,smith_ssc_324_b1017_f005_047_p001.JPG,MISSING,MISSING
islandora:13071,smith_ssc_324_b1017_f005_033_p001.JPG,MISSING,MISSING
islandora:13028,smith_ssc_324_b1017_f005_011_p002.JPG,MISSING,MISSING
islandora:13046,smith_ssc_324_b1017_f005_020_p002.JPG,MISSING,MISSING
islandora:13068,smith_ssc_324_b1017_f005_031_p002.JPG,MISSING,MISSING
islandora:29241,smith_ssc_324_r010_m002_test,MISSING,MISSING
islandora:13096,smith_ssc_324_b1017_f005_047_p002.JPG,MISSING,MISSING
islandora:29226,smith_ssc_324_r006_m002_test,MISSING,MISSING
islandora:13108,smith_ssc_324_b1017_f005_053_p002.JPG,MISSING,MISSING
islandora:13075,smith_ssc_324_b1017_f005_035_p001.JPG,MISSING,MISSING
islandora:13057,smith_ssc_324_b1017_f005_026_p001.JPG,MISSING,MISSING
islandora:29261,smith_ssc_324_r018_m003_test,MISSING,MISSING
islandora:29244,smith_ssc_324_r011_m003_test,MISSING,MISSING
islandora:13020,smith_ssc_324_b1017_f005_006_p002.JPG,MISSING,MISSING
islandora:13078,smith_ssc_324_b1017_f005_037_p001.JPG,MISSING,MISSING
islandora:13025,smith_ssc_324_b1017_f005_010_p001.JPG,MISSING,MISSING
islandora:13067,smith_ssc_324_b1017_f005_031_p001.JPG,MISSING,MISSING
islandora:13093,smith_ssc_324_b1017_f005_046_p001.JPG,MISSING,MISSING
islandora:29227,smith_ssc_324_r006_m003_test,MISSING,MISSING
islandora:13031,smith_ssc_324_b1017_f005_013_p001.JPG,MISSING,MISSING
islandora:13082,smith_ssc_324_b1017_f005_039_p001.JPG,MISSING,MISSING
islandora:13072,smith_ssc_324_b1017_f005_033_p002.JPG,MISSING,MISSING
islandora:13087,smith_ssc_324_b1017_f005_043_p001.JPG,MISSING,MISSING
islandora:13083,smith_ssc_324_b1017_f005_040_p002.JPG,MISSING,MISSING
islandora:13026,smith_ssc_324_b1017_f005_010_p002.JPG,MISSING,MISSING
islandora:13103,smith_ssc_324_b1017_f005_051_p001.JPG,MISSING,MISSING
islandora:13055,smith_ssc_324_b1017_f005_025_p001.JPG,MISSING,MISSING
islandora:13018,smith_ssc_324_b1017_f005_005_p002.JPG,MISSING,MISSING
islandora:13099,smith_ssc_324_b1017_f005_049_p001.JPG,MISSING,MISSING
islandora:29262,smith_ssc_324_r018_m004_test,MISSING,MISSING
islandora:13017,smith_ssc_324_b1017_f005_005_p001.JPG,MISSING,MISSING
islandora:13077,smith_ssc_324_b1017_f005_036_p001.tif,MISSING,MISSING
islandora:13029,smith_ssc_324_b1017_f005_012_p001.JPG,MISSING,MISSING
islandora:29250,smith_ssc_324_r015_m001_test,MISSING,MISSING
islandora:13069,smith_ssc_324_b1017_f005_032_p001.JPG,MISSING,MISSING
islandora:29265,smith_ssc_324_r018_m007_test,MISSING,MISSING
islandora:29229,smith_ssc_324_r007_m002_test,MISSING,MISSING
islandora:13051,smith_ssc_324_b1017_f005_023_p001.JPG,MISSING,MISSING
islandora:13107,smith_ssc_324_b1017_f005_053_p001.JPG,MISSING,MISSING
islandora:13059,smith_ssc_324_b1017_f005_027_p001.JPG,MISSING,MISSING
islandora:29248,smith_ssc_324_r014_m002_test,MISSING,MISSING
islandora:29269,smith_ssc_324_r019_m002_test,MISSING,MISSING
islandora:29234,smith_ssc_324_r007_m007_test,MISSING,MISSING
islandora:13074,smith_ssc_324_b1017_f005_034_p002.JPG,MISSING,MISSING
islandora:13080,smith_ssc_324_b1017_f005_038_p001.JPG,MISSING,MISSING
islandora:13100,smith_ssc_324_b1017_f005_049_p002.JPG,MISSING,MISSING
islandora:13092,smith_ssc_324_b1017_f005_045_p002.JPG,MISSING,MISSING
islandora:13044,smith_ssc_324_b1017_f005_019_p002.JPG,MISSING,MISSING
islandora:13060,smith_ssc_324_b1017_f005_027_p002.JPG,MISSING,MISSING
islandora:13088,smith_ssc_324_b1017_f005_043_p002.JPG,MISSING,MISSING
islandora:13045,smith_ssc_324_b1017_f005_020_p001.JPG,MISSING,MISSING
islandora:13086,smith_ssc_324_b1017_f005_042_p001.JPG,MISSING,MISSING
islandora:29253,smith_ssc_324_r016_m002_test,MISSING,MISSING
islandora:29237,smith_ssc_324_r009_m001_test,MISSING,MISSING
islandora:29251,smith_ssc_324_r015_m002_test,MISSING,MISSING
islandora:13023,smith_ssc_324_b1017_f005_009_p001.JPG,MISSING,MISSING
islandora:13073,smith_ssc_324_b1017_f005_034_p001.JPG,MISSING,MISSING
islandora:13091,smith_ssc_324_b1017_f005_045_p001.JPG,MISSING,MISSING
islandora:13037,smith_ssc_324_b1017_f005_016_p001.JPG,MISSING,MISSING
islandora:29252,smith_ssc_324_r016_m001_test,MISSING,MISSING
islandora:13090,smith_ssc_324_b1017_f005_044_p002.JPG,MISSING,MISSING
islandora:29266,smith_ssc_324_r018_m008_test,MISSING,MISSING
islandora:29239,smith_ssc_324_r010_m003_test,MISSING,MISSING
islandora:13066,smith_ssc_324_b1017_f005_030_p002.JPG,MISSING,MISSING
islandora:13047,smith_ssc_324_b1017_f005_021_p001.JPG,MISSING,MISSING
islandora:29233,smith_ssc_324_r007_m006_test,MISSING,MISSING
islandora:13053,smith_ssc_324_b1017_f005_024_p001.JPG,MISSING,MISSING
islandora:13058,smith_ssc_324_b1017_f005_026_p002.JPG,MISSING,MISSING
islandora:29263,smith_ssc_324_r018_m005_test,MISSING,MISSING
islandora:13038,smith_ssc_324_b1017_f005_016_p002.JPG,MISSING,MISSING
islandora:13089,smith_ssc_324_b1017_f005_044_p001.JPG,MISSING,MISSING
islandora:13016,smith_ssc_324_b1017_f005_004_p002.JPG,MISSING,MISSING
islandora:13081,smith_ssc_324_b1017_f005_038_p002.JPG,MISSING,MISSING
islandora:29242,smith_ssc_324_r011_m001_test,MISSING,MISSING
islandora:13085,smith_ssc_324_b1017_f005_041_p002.JPG,MISSING,MISSING
islandora:29243,smith_ssc_324_r011_m002_test,MISSING,MISSING
islandora:13036,smith_ssc_324_b1017_f005_015_p002.JPG,MISSING,MISSING
islandora:29249,smith_ssc_324_r014_m003_test,MISSING,MISSING
islandora:13027,smith_ssc_324_b1017_f005_011_p001.JPG,MISSING,MISSING
islandora:29267,smith_ssc_324_r018_m009_test,MISSING,MISSING
islandora:29230,smith_ssc_324_r007_m003_test,MISSING,MISSING
islandora:29254,smith_ssc_324_r016_m003_test,MISSING,MISSING
islandora:13014,smith_ssc_324_b1017_f005_003_p001.JPG,MISSING,MISSING
islandora:13070,smith_ssc_324_b1017_f005_032_p002.JPG,MISSING,MISSING
islandora:13101,smith_ssc_324_b1017_f005_050_p001.JPG,MISSING,MISSING
islandora:13030,smith_ssc_324_b1017_f005_012_p002.JPG,MISSING,MISSING
islandora:13040,smith_ssc_324_b1017_f005_017_p002.JPG,MISSING,MISSING
islandora:13024,smith_ssc_324_b1017_f005_009_p002.JPG,MISSING,MISSING
islandora:13021,smith_ssc_324_b1017_f005_007_p001.JPG,MISSING,MISSING
islandora:13076,smith_ssc_324_b1017_f005_035_p002.JPG,MISSING,MISSING
islandora:13079,smith_ssc_324_b1017_f005_037_p002.JPG,MISSING,MISSING
islandora:13041,smith_ssc_324_b1017_f005_018_p001.JPG,MISSING,MISSING
islandora:29246,smith_ssc_324_r013_m001_test,MISSING,MISSING
islandora:29260,smith_ssc_324_r018_m002_test,MISSING,MISSING
islandora:29258,smith_ssc_324_r017_m003_test,MISSING,MISSING
islandora:13050,smith_ssc_324_b1017_f005_022_p002.JPG,MISSING,MISSING
islandora:29228,smith_ssc_324_r007_m001_test,MISSING,MISSING
islandora:29257,smith_ssc_324_r017_m002_test,MISSING,MISSING
islandora:13042,smith_ssc_324_b1017_f005_018_p002.JPG,MISSING,MISSING
islandora:29240,smith_ssc_324_r010_m001_test,MISSING,MISSING
islandora:13012,smith_ssc_324_b1017_f005_001_p001.JPG,MISSING,MISSING
islandora:29236,smith_ssc_324_r008_m002_test,MISSING,MISSING
islandora:13084,smith_ssc_324_b1017_f005_041_p001.JPG,MISSING,MISSING
islandora:13015,smith_ssc_324_b1017_f005_004_p001.JPG,MISSING,MISSING
islandora:29259,smith_ssc_324_r018_m001_test,MISSING,MISSING
islandora:13065,smith_ssc_324_b1017_f005_030_p001.JPG,MISSING,MISSING
islandora:13022,smith_ssc_324_b1017_f005_008_p001.JPG,MISSING,MISSING
islandora:29232,smith_ssc_324_r007_m005_test,MISSING,MISSING
islandora:29235,smith_ssc_324_r008_m001_test,MISSING,MISSING
islandora:13061,smith_ssc_324_b1017_f005_028_p001.JPG,MISSING,MISSING
islandora:29256,smith_ssc_324_r017_m001_test,MISSING,MISSING
islandora:29247,smith_ssc_324_r014_m001_test,MISSING,MISSING
islandora:13049,smith_ssc_324_b1017_f005_022_p001.JPG,MISSING,MISSING
islandora:13039,smith_ssc_324_b1017_f005_017_p001.JPG,MISSING,MISSING
islandora:13098,smith_ssc_324_b1017_f005_048_p002.JPG,MISSING,MISSING
islandora:29238,smith_ssc_324_r009_m002_test,MISSING,MISSING
islandora:13097,smith_ssc_324_b1017_f005_048_p001.JPG,MISSING,MISSING
islandora:6753,smith_ssc_324_b1008_f004_048_p002f,MISSING,MISSING
